_H:	$Name	%Input[2:0,0]<2:5,5>	%Input[2:0,1]	%Input[2:0,2]	%Input[2:0,3]	%Input[2:0,4]	%Input[2:1,0]	%Input[2:1,1]	%Input[2:1,2]	%Input[2:1,3]	%Input[2:1,4]	%Input[2:2,0]	%Input[2:2,1]	%Input[2:2,2]	%Input[2:2,3]	%Input[2:2,4]	%Input[2:3,0]	%Input[2:3,1]	%Input[2:3,2]	%Input[2:3,3]	%Input[2:3,4]	%Input[2:4,0]	%Input[2:4,1]	%Input[2:4,2]	%Input[2:4,3]	%Input[2:4,4]	%Output[2:0,0]<2:5,2>	%Output[2:0,1]	%Output[2:1,0]	%Output[2:1,1]	%Output[2:2,0]	%Output[2:2,1]	%Output[2:3,0]	%Output[2:3,1]	%Output[2:4,0]	%Output[2:4,1]
_D:	V0_V1	1	1	0	0	0	1	1	0	0	0	1	1	0	0	0	1	1	0	0	0	1	1	0	0	0	1	0	1	0	0	0	0	0	0	0
_D:	V0_V2	1	0	1	0	0	1	0	1	0	0	1	0	1	0	0	1	0	1	0	0	1	0	1	0	0	1	0	0	0	1	0	0	0	0	0
_D:	V0_V3	1	0	0	1	0	1	0	0	1	0	1	0	0	1	0	1	0	0	1	0	1	0	0	1	0	1	0	0	0	0	0	1	0	0	0
_D:	V0_V4	1	0	0	0	1	1	0	0	0	1	1	0	0	0	1	1	0	0	0	1	1	0	0	0	1	1	0	0	0	0	0	0	0	1	0
_D:	V0_H0	1	1	1	1	1	1	0	0	0	0	1	0	0	0	0	1	0	0	0	0	1	0	0	0	0	1	1	0	0	0	0	0	0	0	0
_D:	V0_H1	1	0	0	0	0	1	1	1	1	1	1	0	0	0	0	1	0	0	0	0	1	0	0	0	0	1	0	0	1	0	0	0	0	0	0
_D:	V0_H2	1	0	0	0	0	1	0	0	0	0	1	1	1	1	1	1	0	0	0	0	1	0	0	0	0	1	0	0	0	0	1	0	0	0	0
_D:	V0_H3	1	0	0	0	0	1	0	0	0	0	1	0	0	0	0	1	1	1	1	1	1	0	0	0	0	1	0	0	0	0	0	0	1	0	0
_D:	V0_H4	1	0	0	0	0	1	0	0	0	0	1	0	0	0	0	1	0	0	0	0	1	1	1	1	1	1	0	0	0	0	0	0	0	0	1
_D:	V1_V2	0	1	1	0	0	0	1	1	0	0	0	1	1	0	0	0	1	1	0	0	0	1	1	0	0	0	0	1	0	1	0	0	0	0	0
_D:	V1_V3	0	1	0	1	0	0	1	0	1	0	0	1	0	1	0	0	1	0	1	0	0	1	0	1	0	0	0	1	0	0	0	1	0	0	0
_D:	V1_V4	0	1	0	0	1	0	1	0	0	1	0	1	0	0	1	0	1	0	0	1	0	1	0	0	1	0	0	1	0	0	0	0	0	1	0
_D:	V1_H0	1	1	1	1	1	0	1	0	0	0	0	1	0	0	0	0	1	0	0	0	0	1	0	0	0	0	1	1	0	0	0	0	0	0	0
_D:	V1_H1	0	1	0	0	0	1	1	1	1	1	0	1	0	0	0	0	1	0	0	0	0	1	0	0	0	0	0	1	1	0	0	0	0	0	0
_D:	V1_H2	0	1	0	0	0	0	1	0	0	0	1	1	1	1	1	0	1	0	0	0	0	1	0	0	0	0	0	1	0	0	1	0	0	0	0
_D:	V1_H3	0	1	0	0	0	0	1	0	0	0	0	1	0	0	0	1	1	1	1	1	0	1	0	0	0	0	0	1	0	0	0	0	1	0	0
_D:	V1_H4	0	1	0	0	0	0	1	0	0	0	0	1	0	0	0	0	1	0	0	0	1	1	1	1	1	0	0	1	0	0	0	0	0	0	1
_D:	V2_V3	0	0	1	1	0	0	0	1	1	0	0	0	1	1	0	0	0	1	1	0	0	0	1	1	0	0	0	0	0	1	0	1	0	0	0
_D:	V2_V4	0	0	1	0	1	0	0	1	0	1	0	0	1	0	1	0	0	1	0	1	0	0	1	0	1	0	0	0	0	1	0	0	0	1	0
_D:	V2_H0	1	1	1	1	1	0	0	1	0	0	0	0	1	0	0	0	0	1	0	0	0	0	1	0	0	0	1	0	0	1	0	0	0	0	0
_D:	V2_H1	0	0	1	0	0	1	1	1	1	1	0	0	1	0	0	0	0	1	0	0	0	0	1	0	0	0	0	0	1	1	0	0	0	0	0
_D:	V2_H2	0	0	1	0	0	0	0	1	0	0	1	1	1	1	1	0	0	1	0	0	0	0	1	0	0	0	0	0	0	1	1	0	0	0	0
_D:	V2_H3	0	0	1	0	0	0	0	1	0	0	0	0	1	0	0	1	1	1	1	1	0	0	1	0	0	0	0	0	0	1	0	0	1	0	0
_D:	V2_H4	0	0	1	0	0	0	0	1	0	0	0	0	1	0	0	0	0	1	0	0	1	1	1	1	1	0	0	0	0	1	0	0	0	0	1
_D:	V3_V4	0	0	0	1	1	0	0	0	1	1	0	0	0	1	1	0	0	0	1	1	0	0	0	1	1	0	0	0	0	0	0	1	0	1	0
_D:	V3_H0	1	1	1	1	1	0	0	0	1	0	0	0	0	1	0	0	0	0	1	0	0	0	0	1	0	0	1	0	0	0	0	1	0	0	0
_D:	V3_H1	0	0	0	1	0	1	1	1	1	1	0	0	0	1	0	0	0	0	1	0	0	0	0	1	0	0	0	0	1	0	0	1	0	0	0
_D:	V3_H2	0	0	0	1	0	0	0	0	1	0	1	1	1	1	1	0	0	0	1	0	0	0	0	1	0	0	0	0	0	0	1	1	0	0	0
_D:	V3_H3	0	0	0	1	0	0	0	0	1	0	0	0	0	1	0	1	1	1	1	1	0	0	0	1	0	0	0	0	0	0	0	1	1	0	0
_D:	V3_H4	0	0	0	1	0	0	0	0	1	0	0	0	0	1	0	0	0	0	1	0	1	1	1	1	1	0	0	0	0	0	0	1	0	0	1
_D:	V4_H0	1	1	1	1	1	0	0	0	0	1	0	0	0	0	1	0	0	0	0	1	0	0	0	0	1	0	1	0	0	0	0	0	0	1	0
_D:	V4_H1	0	0	0	0	1	1	1	1	1	1	0	0	0	0	1	0	0	0	0	1	0	0	0	0	1	0	0	0	1	0	0	0	0	1	0
_D:	V4_H2	0	0	0	0	1	0	0	0	0	1	1	1	1	1	1	0	0	0	0	1	0	0	0	0	1	0	0	0	0	0	1	0	0	1	0
_D:	V4_H3	0	0	0	0	1	0	0	0	0	1	0	0	0	0	1	1	1	1	1	1	0	0	0	0	1	0	0	0	0	0	0	0	1	1	0
_D:	V4_H4	0	0	0	0	1	0	0	0	0	1	0	0	0	0	1	0	0	0	0	1	1	1	1	1	1	0	0	0	0	0	0	0	0	1	1
_D:	H0_H1	1	1	1	1	1	1	1	1	1	1	0	0	0	0	0	0	0	0	0	0	0	0	0	0	0	0	1	0	1	0	0	0	0	0	0
_D:	H0_H2	1	1	1	1	1	0	0	0	0	0	1	1	1	1	1	0	0	0	0	0	0	0	0	0	0	0	1	0	0	0	1	0	0	0	0
_D:	H0_H3	1	1	1	1	1	0	0	0	0	0	0	0	0	0	0	1	1	1	1	1	0	0	0	0	0	0	1	0	0	0	0	0	1	0	0
_D:	H0_H4	1	1	1	1	1	0	0	0	0	0	0	0	0	0	0	0	0	0	0	0	1	1	1	1	1	0	1	0	0	0	0	0	0	0	1
_D:	H1_H2	0	0	0	0	0	1	1	1	1	1	1	1	1	1	1	0	0	0	0	0	0	0	0	0	0	0	0	0	1	0	1	0	0	0	0
_D:	H1_H3	0	0	0	0	0	1	1	1	1	1	0	0	0	0	0	1	1	1	1	1	0	0	0	0	0	0	0	0	1	0	0	0	1	0	0
_D:	H1_H4	0	0	0	0	0	1	1	1	1	1	0	0	0	0	0	0	0	0	0	0	1	1	1	1	1	0	0	0	1	0	0	0	0	0	1
_D:	H2_H3	0	0	0	0	0	0	0	0	0	0	1	1	1	1	1	1	1	1	1	1	0	0	0	0	0	0	0	0	0	0	1	0	1	0	0
_D:	H2_H4	0	0	0	0	0	0	0	0	0	0	1	1	1	1	1	0	0	0	0	0	1	1	1	1	1	0	0	0	0	0	1	0	0	0	1
_D:	H3_H4	0	0	0	0	0	0	0	0	0	0	0	0	0	0	0	1	1	1	1	1	1	1	1	1	1	0	0	0	0	0	0	0	1	0	1
